City_ID,City,Lat,Lng,Max Temp,Humidity,Cloudiness,Wind Speed,Country,Date,Current
0,Rotifunk,8.2333,-12.6833,86.07,64,65,9.19,SL,2021-04-10 18:04:41,broken clouds
1,Lyuban,52.7985,28.0048,46.0,68,16,8.59,BY,2021-04-10 18:04:41,few clouds
2,Praia Da Vitoria,38.7333,-27.0667,60.8,94,75,17.81,PT,2021-04-10 18:04:41,broken clouds
3,Tsurugi,36.45,136.6333,37.4,93,0,3.44,JP,2021-04-10 18:04:42,clear sky
4,Fauske,67.2588,15.3918,35.01,90,100,10.25,NO,2021-04-10 18:04:42,snow
5,Yellowknife,62.456,-114.3525,6.01,60,20,11.5,CA,2021-04-10 18:01:24,few clouds
6,Constitucion,-35.3333,-72.4167,63.41,56,0,12.88,CL,2021-04-10 18:01:57,clear sky
7,Fort Payne,34.4442,-85.7197,66.99,77,90,9.22,US,2021-04-10 18:04:42,overcast clouds
8,Bluff,-46.6,168.3333,57.0,93,98,3.0,NZ,2021-04-10 18:02:19,light rain
9,Columbus,39.9612,-82.9988,78.01,41,90,18.41,US,2021-04-10 18:03:25,overcast clouds
10,Punta Arenas,-53.15,-70.9167,53.6,58,40,20.71,CL,2021-04-10 18:04:19,scattered clouds
11,Albany,42.6001,-73.9662,73.99,39,0,4.63,US,2021-04-10 18:00:12,clear sky
12,Berlevag,70.8578,29.0864,28.47,70,88,14.12,NO,2021-04-10 18:04:43,overcast clouds
13,Launceston,-41.45,147.1667,39.0,87,40,10.36,AU,2021-04-10 18:04:43,scattered clouds
14,Pozoblanco,38.3791,-4.8483,60.8,88,40,4.61,ES,2021-04-10 18:04:44,scattered clouds
15,Saint George,37.1041,-113.5841,70.0,17,1,2.24,US,2021-04-10 18:00:09,clear sky
16,Maxixe,-23.8597,35.3472,77.0,78,20,6.06,MZ,2021-04-10 18:04:44,few clouds
17,Mount Isa,-20.7333,139.5,77.0,36,54,19.57,AU,2021-04-10 18:04:44,broken clouds
18,Busselton,-33.65,115.3333,66.0,64,100,5.99,AU,2021-04-10 18:00:45,overcast clouds
19,Vung Tau,10.346,107.0843,81.14,80,73,22.75,VN,2021-04-10 18:04:14,broken clouds
20,Sao Filipe,14.8961,-24.4956,77.0,60,6,9.71,CV,2021-04-10 18:02:35,clear sky
21,Ntcheu,-14.8203,34.6359,60.78,84,99,3.27,MW,2021-04-10 18:04:45,overcast clouds
22,Cape Town,-33.9258,18.4232,66.2,77,0,12.66,ZA,2021-04-10 18:04:45,clear sky
23,Mar Del Plata,-38.0023,-57.5575,68.0,77,75,17.27,AR,2021-04-10 18:04:45,light rain
24,San Antonio,29.4241,-98.4936,80.6,22,20,16.11,US,2021-04-10 18:02:34,few clouds
25,Dingle,10.9995,122.6711,75.54,82,57,5.59,PH,2021-04-10 18:01:52,broken clouds
26,Kjollefjord,70.9457,27.3465,29.32,72,92,15.28,NO,2021-04-10 18:04:46,overcast clouds
27,Shiraoi,42.55,141.35,32.0,86,75,3.47,JP,2021-04-10 18:04:46,broken clouds
28,Klaksvik,62.2266,-6.589,30.2,55,40,11.5,FO,2021-04-10 18:02:09,light snow
29,Port Elizabeth,-33.918,25.5701,64.4,94,40,5.75,ZA,2021-04-10 18:03:16,scattered clouds
30,Woodend,-43.3167,172.6667,60.01,55,66,4.61,NZ,2021-04-10 18:04:47,broken clouds
31,Lasa,46.6166,10.7002,55.4,87,75,6.91,IT,2021-04-10 18:04:47,broken clouds
32,Saskylakh,71.9167,114.0833,-5.4,88,14,10.09,RU,2021-04-10 18:02:40,few clouds
33,Ushuaia,-54.8,-68.3,53.6,54,40,12.66,AR,2021-04-10 18:03:19,scattered clouds
34,Ribeira Grande,38.5167,-28.7,62.6,94,75,12.66,PT,2021-04-10 18:02:26,broken clouds
35,Lashio,22.9333,97.75,68.81,50,8,1.48,MM,2021-04-10 18:04:47,clear sky
36,Birobidzhan,48.8,132.95,44.65,54,95,6.4,RU,2021-04-10 18:04:48,overcast clouds
37,Port Alfred,-33.5906,26.891,68.77,91,95,5.75,ZA,2021-04-10 18:04:48,overcast clouds
38,Wadi Musa,30.3222,35.4793,41.65,67,1,18.79,JO,2021-04-10 18:04:48,clear sky
39,Thompson,55.7435,-97.8558,33.8,69,75,3.44,CA,2021-04-10 17:59:55,broken clouds
40,Drummondville,45.8834,-72.4824,69.01,51,70,6.91,CA,2021-04-10 18:00:07,broken clouds
41,Lebu,-37.6167,-73.65,57.63,68,5,13.15,CL,2021-04-10 18:04:49,clear sky
42,Wainwright,52.839,-110.8572,48.2,37,37,3.44,CA,2021-04-10 18:00:11,scattered clouds
43,Grand Gaube,-20.0064,57.6608,80.01,75,99,5.01,MU,2021-04-10 18:04:49,light rain
44,Paragominas,-2.9667,-47.4833,84.38,71,45,2.77,BR,2021-04-10 18:04:50,scattered clouds
45,Axim,4.8699,-2.2405,82.47,79,92,11.34,GH,2021-04-10 18:04:50,overcast clouds
46,Clyde River,70.4692,-68.5914,32.0,69,1,9.22,CA,2021-04-10 18:04:50,clear sky
47,Saint-Philippe,-21.3585,55.7679,80.6,65,90,3.44,RE,2021-04-10 18:02:22,light rain
48,Palmer,42.1584,-72.3287,73.4,46,20,8.05,US,2021-04-10 18:04:50,few clouds
49,Leningradskiy,69.3833,178.4167,-16.6,99,100,2.26,RU,2021-04-10 18:01:33,overcast clouds
50,Half Moon Bay,37.4636,-122.4286,61.0,71,1,10.36,US,2021-04-10 18:04:51,haze
51,Muros,42.7762,-9.0603,59.0,80,99,6.15,ES,2021-04-10 18:04:52,overcast clouds
52,Puerto Ayora,-0.7393,-90.3518,81.0,83,75,8.05,EC,2021-04-10 18:04:52,light intensity drizzle
53,Rock Sound,24.9,-76.2,75.54,64,78,16.84,BS,2021-04-10 18:04:53,broken clouds
54,Torbay,47.6666,-52.7314,32.0,93,90,19.57,CA,2021-04-10 18:04:53,light rain
55,East London,-33.0153,27.9116,68.0,94,0,2.3,ZA,2021-04-10 18:01:33,clear sky
56,Rikitea,-23.1203,-134.9692,78.75,71,2,9.51,PF,2021-04-10 18:04:53,clear sky
57,Tasiilaq,65.6145,-37.6368,33.8,60,75,2.3,GL,2021-04-10 18:02:14,broken clouds
58,Arraial Do Cabo,-22.9661,-42.0278,84.2,51,0,18.41,BR,2021-04-10 18:04:54,clear sky
59,Kodiak,57.79,-152.4072,30.2,69,90,4.18,US,2021-04-10 18:04:54,overcast clouds
60,Barrow,71.2906,-156.7887,-16.6,69,75,6.91,US,2021-04-10 18:00:02,broken clouds
61,Bara,10.3744,10.7288,93.25,8,88,7.52,NG,2021-04-10 18:04:54,overcast clouds
62,Hami,42.8,93.45,56.91,33,51,7.31,CN,2021-04-10 18:04:55,broken clouds
63,Nchelenge,-9.3451,28.734,67.03,91,100,5.03,ZM,2021-04-10 18:04:55,light rain
64,Dikson,73.5069,80.5464,18.88,94,56,13.56,RU,2021-04-10 18:04:55,broken clouds
65,Vestmannaeyjar,63.4427,-20.2734,35.6,64,75,9.22,IS,2021-04-10 18:04:55,broken clouds
66,Rocha,-34.4833,-54.3333,66.7,99,100,1.5,UY,2021-04-10 18:04:56,moderate rain
67,Hilo,19.7297,-155.09,66.99,77,90,6.91,US,2021-04-10 18:01:59,overcast clouds
68,Hithadhoo,-0.6,73.0833,83.77,67,84,11.88,MV,2021-04-10 18:04:35,broken clouds
69,Olinda,-8.0089,-34.8553,78.8,83,75,6.91,BR,2021-04-10 18:04:56,light rain
70,Saint Anthony,45.0205,-93.218,48.99,66,90,10.36,US,2021-04-10 18:04:57,overcast clouds
71,Avarua,-21.2078,-159.775,77.0,100,40,2.3,CK,2021-04-10 18:04:57,scattered clouds
72,Cherskiy,68.75,161.3,-25.56,94,98,2.01,RU,2021-04-10 18:04:57,overcast clouds
73,Fram,-26.9833,-55.8833,91.4,43,0,11.5,PY,2021-04-10 18:04:57,clear sky
74,Faanui,-16.4833,-151.75,81.9,75,97,10.54,PF,2021-04-10 18:02:09,overcast clouds
75,Katsuura,35.1333,140.3,50.0,66,20,10.36,JP,2021-04-10 18:01:55,few clouds
76,Chicama,-7.8447,-79.1469,69.8,78,94,11.5,PE,2021-04-10 18:04:58,fog
77,Vila Velha,-20.3297,-40.2925,81.0,54,0,9.22,BR,2021-04-10 18:02:04,clear sky
78,Castro,-24.7911,-50.0119,78.4,38,2,2.08,BR,2021-04-10 18:03:11,clear sky
79,Northam,51.0333,-4.2167,48.99,71,37,7.0,GB,2021-04-10 18:04:58,scattered clouds
80,Havre,49.5833,0.3333,43.0,93,90,10.36,FR,2021-04-10 18:04:59,light intensity drizzle
81,Matamoros,25.5333,-103.25,87.8,6,1,5.77,MX,2021-04-10 18:04:16,clear sky
82,Mahebourg,-20.4081,57.7,78.8,78,40,11.5,MU,2021-04-10 18:04:59,scattered clouds
83,Ancud,-41.8697,-73.8203,57.99,82,75,10.36,CL,2021-04-10 18:04:59,broken clouds
84,Ipora,-16.4419,-51.1178,84.43,45,0,4.68,BR,2021-04-10 18:02:06,clear sky
85,San Patricio,28.017,-97.5169,82.4,42,40,14.97,US,2021-04-10 18:02:16,scattered clouds
86,Hobart,-42.8794,147.3294,44.6,70,75,8.05,AU,2021-04-10 18:01:59,light rain
87,Shadegan,30.6497,48.6647,80.6,29,75,13.8,IR,2021-04-10 18:05:00,broken clouds
88,Sangar,63.9242,127.4739,9.14,91,100,1.39,RU,2021-04-10 18:05:00,overcast clouds
89,Kefamenanu,-9.4467,124.4781,67.42,85,69,2.8,ID,2021-04-10 18:05:00,broken clouds
90,Hasaki,35.7333,140.8333,41.0,87,20,6.91,JP,2021-04-10 18:05:01,few clouds
91,Nikolskoye,59.7035,30.7861,37.0,86,75,2.24,RU,2021-04-10 18:05:01,broken clouds
92,La Ronge,55.1001,-105.2842,35.6,60,100,10.36,CA,2021-04-10 18:03:07,overcast clouds
93,Puerto Baquerizo Moreno,-0.9,-89.6,80.6,89,75,12.66,EC,2021-04-10 18:05:02,broken clouds
94,Akyab,20.15,92.9,78.93,82,2,9.35,MM,2021-04-10 18:05:02,clear sky
95,La Asuncion,11.0333,-63.8628,84.2,65,100,13.8,VE,2021-04-10 18:05:02,overcast clouds
96,Los Llanos De Aridane,28.6585,-17.9182,69.8,68,20,4.61,ES,2021-04-10 18:05:03,few clouds
97,Te Anau,-45.4167,167.7167,53.65,95,95,3.22,NZ,2021-04-10 18:05:03,light rain
98,Lompoc,34.6391,-120.4579,57.2,62,94,16.11,US,2021-04-10 18:05:03,overcast clouds
99,Shu,43.5983,73.7614,55.65,45,4,4.32,KZ,2021-04-10 18:05:04,clear sky
100,Vieste,41.8825,16.175,57.2,72,0,10.36,IT,2021-04-10 18:05:04,clear sky
101,Chegdomyn,51.1167,133.0167,43.23,65,100,10.69,RU,2021-04-10 18:05:04,light rain
102,Kavieng,-2.5744,150.7967,78.51,86,100,13.4,PG,2021-04-10 18:03:11,light rain
103,Envira,-7.3,-70.2167,81.57,82,100,0.81,BR,2021-04-10 18:05:04,overcast clouds
104,Murray Bridge,-35.1167,139.2667,55.0,81,100,17.29,AU,2021-04-10 18:00:10,overcast clouds
105,San Quintin,30.4833,-115.95,64.4,69,41,11.9,MX,2021-04-10 18:03:36,scattered clouds
106,Puerto Palomas,31.7667,-107.6167,73.4,6,1,8.68,MX,2021-04-10 18:05:05,clear sky
107,Georgetown,5.4112,100.3354,80.01,89,40,2.48,MY,2021-04-10 18:05:05,scattered clouds
108,Zhigansk,66.7697,123.3711,-2.83,86,8,14.65,RU,2021-04-10 18:05:06,clear sky
109,Ponta Do Sol,32.6667,-17.1,66.99,67,53,7.0,PT,2021-04-10 18:05:06,broken clouds
110,Warri,5.5167,5.75,82.08,76,100,9.06,NG,2021-04-10 18:05:06,overcast clouds
111,Danilovka,50.3557,44.1168,42.62,93,82,12.39,RU,2021-04-10 18:05:06,broken clouds
112,Koumac,-20.5667,164.2833,76.37,90,100,5.53,NC,2021-04-10 18:05:07,overcast clouds
113,East Hemet,33.74,-116.9389,75.99,41,54,5.01,US,2021-04-10 18:05:07,broken clouds
114,Kapaa,22.0752,-159.319,68.0,83,90,6.91,US,2021-04-10 18:05:07,light rain
115,Ewa Beach,21.3156,-158.0072,71.6,60,1,6.91,US,2021-04-10 18:05:08,clear sky
116,Kelo,9.3086,15.8066,97.72,21,61,6.64,TD,2021-04-10 18:05:08,broken clouds
117,Eureka,40.8021,-124.1637,57.0,65,55,7.0,US,2021-04-10 18:05:08,broken clouds
118,Lukulu,-14.3707,23.242,70.2,54,23,5.19,ZM,2021-04-10 18:05:09,few clouds
119,Darhan,49.4867,105.9228,33.04,46,100,18.7,MN,2021-04-10 18:05:09,overcast clouds
120,Bredasdorp,-34.5322,20.0403,62.6,88,100,4.61,ZA,2021-04-10 18:05:09,overcast clouds
121,Kruisfontein,-34.0033,24.7314,61.0,95,97,1.01,ZA,2021-04-10 18:05:09,overcast clouds
122,Grindavik,63.8424,-22.4338,33.8,86,90,13.8,IS,2021-04-10 18:05:10,overcast clouds
123,Saldanha,-33.0117,17.9442,66.2,77,99,9.22,ZA,2021-04-10 18:03:24,overcast clouds
124,Olafsvik,64.8945,-23.7142,38.41,92,100,12.71,IS,2021-04-10 18:01:10,overcast clouds
125,Atuona,-9.8,-139.0333,80.55,75,77,18.63,PF,2021-04-10 18:00:55,broken clouds
126,Mataura,-46.1927,168.8643,57.0,93,96,3.0,NZ,2021-04-10 18:02:26,light rain
127,Gamboma,-1.8764,15.8644,78.01,77,97,6.38,CG,2021-04-10 18:05:10,light rain
128,Plettenberg Bay,-34.0527,23.3716,62.17,90,100,3.27,ZA,2021-04-10 18:03:50,overcast clouds
129,Quimper,48.0,-4.1,50.0,71,75,8.05,FR,2021-04-10 18:05:11,broken clouds
130,Lexington,37.9887,-84.4777,61.0,88,90,11.5,US,2021-04-10 18:01:27,mist
131,Mount Gambier,-37.8333,140.7667,50.0,76,40,17.27,AU,2021-04-10 18:05:11,scattered clouds
132,Corinto,37.9407,22.9573,50.0,42,45,1.99,GR,2021-04-10 18:05:11,scattered clouds
133,Shache,38.4167,77.2406,57.31,25,4,1.79,CN,2021-04-10 18:05:12,clear sky
134,Isangel,-19.55,169.2667,77.18,91,100,15.7,VU,2021-04-10 18:05:12,overcast clouds
135,Wisconsin Rapids,44.3836,-89.8174,51.8,66,90,5.75,US,2021-04-10 18:05:12,overcast clouds
136,Pemangkat,1.1667,108.9667,78.69,83,78,3.74,ID,2021-04-10 18:05:13,broken clouds
137,Khandyga,62.6667,135.6,16.54,79,100,9.82,RU,2021-04-10 18:02:26,overcast clouds
138,Bethel,41.3712,-73.414,70.0,56,90,12.66,US,2021-04-10 18:01:02,overcast clouds
139,Dong Hoi,17.4833,106.6,75.38,91,24,5.59,VN,2021-04-10 18:05:13,few clouds
140,Norman Wells,65.282,-126.8329,-9.4,64,90,10.36,CA,2021-04-10 18:05:14,light snow
141,Longyearbyen,78.2186,15.6401,24.8,63,75,23.02,SJ,2021-04-10 18:02:30,broken clouds
142,Severo-Kurilsk,50.6789,156.125,28.99,84,100,18.21,RU,2021-04-10 18:05:14,overcast clouds
143,Florida,28.7505,-82.5001,89.01,54,1,9.22,US,2021-04-10 18:05:15,clear sky
144,Provideniya,64.3833,-173.3,-1.66,87,100,22.01,RU,2021-04-10 18:03:44,overcast clouds
145,Uray,60.1247,64.7758,34.07,99,100,3.53,RU,2021-04-10 18:05:15,overcast clouds
146,Siavonga,-16.5382,28.7088,75.22,60,17,3.0,ZM,2021-04-10 18:05:15,few clouds
147,Thinadhoo,0.5333,72.9333,83.59,70,93,12.19,MV,2021-04-10 18:01:46,overcast clouds
148,Hamilton,39.1834,-84.5333,64.4,77,90,9.22,US,2021-04-10 18:01:32,moderate rain
149,Rincon,32.296,-81.2354,77.0,53,75,20.71,US,2021-04-10 18:04:02,broken clouds
150,Xichang,27.8964,102.2634,54.43,78,5,3.38,CN,2021-04-10 18:05:16,clear sky
151,Bandarbeyla,9.4942,50.8122,79.93,70,23,10.92,SO,2021-04-10 18:05:16,few clouds
152,Mulchen,-37.7167,-72.2333,66.2,45,40,8.05,CL,2021-04-10 18:05:17,scattered clouds
153,Vao,-22.6667,167.4833,78.53,88,100,36.82,NC,2021-04-10 18:02:20,heavy intensity rain
154,Victoria,22.2855,114.1577,71.01,79,15,1.01,HK,2021-04-10 18:05:17,few clouds
155,Maragogi,-9.0122,-35.2225,80.4,81,99,10.71,BR,2021-04-10 18:05:17,overcast clouds
156,Aasiaat,68.7098,-52.8699,22.66,79,100,2.3,GL,2021-04-10 18:05:18,overcast clouds
157,Airai,-8.9266,125.4092,57.58,78,33,1.34,TL,2021-04-10 18:05:18,scattered clouds
158,Dukat,62.55,155.55,-10.62,99,100,5.39,RU,2021-04-10 18:05:18,overcast clouds
159,Butaritari,3.0707,172.7902,81.23,79,100,11.16,KI,2021-04-10 18:05:18,light rain
160,Sena Madureira,-9.0656,-68.6569,76.37,88,100,4.88,BR,2021-04-10 18:05:19,overcast clouds
161,Atambua,-9.1061,124.8925,71.38,82,56,2.66,ID,2021-04-10 18:05:19,broken clouds
162,Bambous Virieux,-20.3428,57.7575,80.01,78,40,11.5,MU,2021-04-10 18:05:19,scattered clouds
163,Chuy,-33.6971,-53.4616,67.64,96,100,9.26,UY,2021-04-10 18:02:42,moderate rain
164,Atar,20.5169,-13.0499,97.07,10,0,11.45,MR,2021-04-10 18:05:20,clear sky
165,Boksitogorsk,59.474,33.8485,35.01,88,99,57.0,RU,2021-04-10 18:05:20,snow
166,Bratsk,56.1325,101.6142,17.6,49,13,2.24,RU,2021-04-10 18:05:20,few clouds
167,Dalvik,65.9702,-18.5286,35.6,38,0,6.91,IS,2021-04-10 18:05:21,clear sky
168,Vostok,46.4856,135.8833,27.55,70,3,5.93,RU,2021-04-10 18:05:22,clear sky
169,Tautira,-17.7333,-149.15,80.6,69,75,2.3,PF,2021-04-10 18:02:51,light rain
170,Husavik,66.0449,-17.3389,35.6,38,0,6.91,IS,2021-04-10 18:04:32,clear sky
171,Burnie,-41.0667,145.9167,42.01,85,48,13.0,AU,2021-04-10 18:05:22,light rain
172,Talnakh,69.4865,88.3972,31.75,99,100,5.57,RU,2021-04-10 18:05:22,snow
173,Hailar,49.2,119.7,35.6,34,37,4.88,CN,2021-04-10 18:04:14,scattered clouds
174,Chyhyryn,49.0838,32.6555,44.82,39,2,4.18,UA,2021-04-10 18:05:23,clear sky
175,Komsomolskiy,40.4272,71.7189,55.4,50,0,4.61,UZ,2021-04-10 18:01:20,clear sky
176,Najran,17.4924,44.1277,84.2,13,40,11.5,SA,2021-04-10 18:05:23,scattered clouds
177,New Norfolk,-42.7826,147.0587,44.01,77,98,1.01,AU,2021-04-10 18:02:41,light rain
178,Sao Felix Do Xingu,-6.6447,-51.995,87.51,57,100,4.83,BR,2021-04-10 18:05:23,overcast clouds
179,Coxim,-18.5067,-54.76,92.89,34,34,6.73,BR,2021-04-10 18:05:24,scattered clouds
180,Silifke,36.3778,33.9344,52.41,54,100,11.63,TR,2021-04-10 18:05:24,overcast clouds
181,Flin Flon,54.7682,-101.865,35.6,64,75,9.22,CA,2021-04-10 18:05:24,broken clouds
182,Chokurdakh,70.6333,147.9167,-33.03,100,85,3.53,RU,2021-04-10 18:02:07,overcast clouds
183,Great Falls,47.5002,-111.3008,51.01,31,90,34.52,US,2021-04-10 18:05:06,overcast clouds
184,Hambantota,6.1241,81.1185,80.29,72,5,2.42,LK,2021-04-10 18:05:25,clear sky
185,Vaini,-21.2,-175.2,68.0,94,20,3.44,TO,2021-04-10 18:05:25,few clouds
186,Kavaratti,10.5669,72.642,82.99,72,0,9.42,IN,2021-04-10 18:05:25,clear sky
187,Okha,53.5739,142.9478,25.79,88,11,11.3,RU,2021-04-10 18:05:26,few clouds
188,Mormugao,15.4,73.8,84.2,74,40,5.75,IN,2021-04-10 18:05:26,scattered clouds
189,Rosita,13.9268,-84.4032,90.66,50,93,5.46,NI,2021-04-10 18:05:26,overcast clouds
190,Jamestown,42.097,-79.2353,73.4,35,1,12.66,US,2021-04-10 18:02:26,clear sky
191,Smithers,54.7804,-127.1743,32.0,55,40,6.91,CA,2021-04-10 18:05:27,scattered clouds
192,Namatanai,-3.6667,152.4333,78.37,86,100,8.52,PG,2021-04-10 18:03:00,light rain
193,Lerwick,60.1545,-1.1494,35.6,75,87,8.05,GB,2021-04-10 18:05:27,overcast clouds
194,Harper,4.375,-7.7169,82.35,77,100,10.67,LR,2021-04-10 18:02:24,overcast clouds
195,Tutoia,-2.7619,-42.2744,89.6,62,40,11.5,BR,2021-04-10 18:05:27,scattered clouds
196,Sao Joao Da Barra,-21.6403,-41.0511,86.0,48,20,11.5,BR,2021-04-10 18:05:28,few clouds
197,Itarema,-2.9248,-39.9167,85.14,68,64,16.91,BR,2021-04-10 18:03:35,broken clouds
198,Westport,41.1415,-73.3579,66.99,67,20,9.22,US,2021-04-10 18:02:13,few clouds
199,Guiratinga,-16.3494,-53.7583,88.14,43,12,6.55,BR,2021-04-10 18:05:28,few clouds
200,Mwinilunga,-11.7358,24.4293,62.06,89,96,4.27,ZM,2021-04-10 18:05:29,overcast clouds
201,El Retorno,2.3302,-72.6276,77.92,89,97,2.17,CO,2021-04-10 18:05:29,overcast clouds
202,Lakatoro,-16.0999,167.4164,78.01,86,100,6.38,VU,2021-04-10 18:05:29,overcast clouds
203,Kirs,59.3388,52.2447,35.2,97,100,5.84,RU,2021-04-10 18:05:30,snow
204,Souillac,-20.5167,57.5167,78.8,78,40,11.5,MU,2021-04-10 18:02:39,scattered clouds
205,Qaanaaq,77.484,-69.3632,20.82,86,100,8.79,GL,2021-04-10 18:05:30,light snow
206,Yuzhno-Kurilsk,44.0306,145.8556,31.8,87,5,5.19,RU,2021-04-10 18:05:30,clear sky
207,Hofn,64.2539,-15.2082,33.42,41,2,4.7,IS,2021-04-10 18:05:31,clear sky
208,Abha,18.2164,42.5053,69.8,48,20,6.91,SA,2021-04-10 18:02:57,few clouds
209,Ponnani,10.767,75.9252,84.2,74,40,5.21,IN,2021-04-10 18:05:31,haze
210,Saint-Pierre,-21.3393,55.4781,80.6,65,90,3.44,RE,2021-04-10 18:02:10,light rain
211,Anloga,5.7947,0.8973,86.0,74,20,10.36,GH,2021-04-10 18:05:31,few clouds
212,Tuktoyaktuk,69.4541,-133.0374,-22.0,76,75,5.75,CA,2021-04-10 18:01:40,broken clouds
213,Balkanabat,39.5108,54.3671,78.57,17,6,21.21,TM,2021-04-10 18:05:32,clear sky
214,Namibe,-15.1961,12.1522,79.32,80,18,8.1,AO,2021-04-10 18:05:32,few clouds
215,Leshukonskoye,64.8989,45.7622,40.08,83,100,14.07,RU,2021-04-10 18:05:32,overcast clouds
216,Pitimbu,-7.4706,-34.8086,78.8,100,75,10.36,BR,2021-04-10 18:05:33,broken clouds
217,Bengkulu,-3.8004,102.2655,76.08,89,100,4.09,ID,2021-04-10 18:02:45,overcast clouds
218,Poum,-20.2333,164.0167,79.07,85,96,13.82,NC,2021-04-10 18:05:33,overcast clouds
219,Kloulklubed,7.0419,134.2556,77.0,94,75,11.12,PW,2021-04-10 18:05:33,broken clouds
220,Port Lincoln,-34.7333,135.8667,58.05,63,95,14.88,AU,2021-04-10 18:02:36,overcast clouds
221,Luganville,-15.5333,167.1667,76.46,88,100,5.39,VU,2021-04-10 18:05:34,overcast clouds
222,Xining,36.6167,101.7667,37.74,96,100,1.74,CN,2021-04-10 18:03:00,overcast clouds
223,Bar Harbor,44.3876,-68.2039,59.0,67,1,6.91,US,2021-04-10 18:05:34,clear sky
224,Belogorsk,50.9158,128.4611,35.85,72,84,12.48,RU,2021-04-10 18:05:34,broken clouds
225,Gualaquiza,-3.4,-78.55,74.57,80,59,2.39,EC,2021-04-10 18:05:35,moderate rain
226,Hermanus,-34.4187,19.2345,61.0,89,100,2.62,ZA,2021-04-10 18:00:53,overcast clouds
227,Skeldon,5.8833,-57.1333,82.49,73,97,6.46,GY,2021-04-10 18:05:35,overcast clouds
228,Cabo San Lucas,22.8909,-109.9124,77.0,69,40,10.36,MX,2021-04-10 18:01:01,scattered clouds
229,Kaitangata,-46.2817,169.8464,57.0,75,100,3.0,NZ,2021-04-10 18:05:36,overcast clouds
230,Iqaluit,63.7506,-68.5145,23.0,74,90,13.8,CA,2021-04-10 18:05:36,overcast clouds
231,Yerbogachen,61.2767,108.0108,-2.43,99,33,4.03,RU,2021-04-10 18:05:36,scattered clouds
232,Menongue,-14.6585,17.691,66.16,63,75,3.22,AO,2021-04-10 18:05:36,broken clouds
233,Buta,2.7858,24.73,72.77,90,99,4.34,CD,2021-04-10 18:05:37,light rain
234,Montepuez,-13.1256,38.9997,70.05,90,96,4.61,MZ,2021-04-10 18:05:37,overcast clouds
235,Aromashevo,56.8602,68.6375,35.26,98,100,7.43,RU,2021-04-10 18:05:37,overcast clouds
236,Ostrovnoy,68.0531,39.5131,36.14,74,85,32.57,RU,2021-04-10 18:00:37,overcast clouds
237,Broken Hill,-31.95,141.4333,51.8,66,0,9.22,AU,2021-04-10 18:02:58,clear sky
238,Mehamn,71.0357,27.8492,28.36,75,93,17.38,NO,2021-04-10 18:05:38,overcast clouds
239,Constantine,36.365,6.6147,69.8,46,75,11.5,DZ,2021-04-10 18:03:58,broken clouds
240,Kanigiri,15.4,79.5167,79.09,80,0,5.21,IN,2021-04-10 18:05:38,clear sky
241,Ahuimanu,21.4447,-157.8378,73.4,56,20,9.22,US,2021-04-10 18:05:38,few clouds
242,Buraydah,26.326,43.975,84.2,26,0,17.27,SA,2021-04-10 18:02:28,clear sky
243,Barcelos,41.5388,-8.6151,61.0,82,75,6.91,PT,2021-04-10 18:03:39,broken clouds
244,Fortuna,40.5982,-124.1573,55.0,62,20,11.5,US,2021-04-10 18:05:39,few clouds
245,Ust-Kuyga,70.0167,135.6,-27.24,99,38,3.33,RU,2021-04-10 18:05:39,scattered clouds
246,Nanchong,30.7951,106.0847,55.99,94,100,4.72,CN,2021-04-10 18:05:39,overcast clouds
247,Jining,35.405,116.5814,51.78,67,92,10.29,CN,2021-04-10 18:05:40,light rain
248,Road Town,18.4167,-64.6167,82.4,51,40,9.22,VG,2021-04-10 18:05:40,scattered clouds
249,Sitka,57.0531,-135.33,33.8,86,90,7.47,US,2021-04-10 18:03:56,snow
250,Uspenka,48.3903,39.1619,48.16,57,82,8.3,UA,2021-04-10 18:05:40,broken clouds
251,Srednekolymsk,67.45,153.6833,-13.72,97,100,6.91,RU,2021-04-10 18:02:55,overcast clouds
252,Kununurra,-15.7667,128.7333,69.8,88,69,5.75,AU,2021-04-10 18:02:25,broken clouds
253,Saint-Augustin,51.226,-58.6502,36.39,86,100,12.01,CA,2021-04-10 18:05:32,overcast clouds
254,Lorengau,-2.0226,147.2712,80.47,82,100,15.03,PG,2021-04-10 18:03:09,moderate rain
255,Saint-Francois,46.4154,3.9054,57.2,67,0,8.05,FR,2021-04-10 18:05:42,clear sky
256,Buin,-33.7333,-70.75,66.2,42,40,5.75,CL,2021-04-10 18:05:42,scattered clouds
257,Pacific Grove,36.6177,-121.9166,55.4,62,75,7.52,US,2021-04-10 18:03:25,broken clouds
258,Mao,39.8885,4.2658,59.0,88,75,5.75,ES,2021-04-10 18:05:42,broken clouds
259,Saurimo,-9.6608,20.3916,62.04,94,100,3.24,AO,2021-04-10 18:05:43,overcast clouds
260,Cockburn Town,21.4612,-71.1419,80.6,47,40,11.5,TC,2021-04-10 18:05:43,scattered clouds
261,Cayenne,4.9333,-52.3333,82.4,83,75,8.05,GF,2021-04-10 18:05:43,broken clouds
262,Sibu,2.3,111.8167,73.4,94,40,3.44,MY,2021-04-10 18:05:43,scattered clouds
263,Katherine,-14.4667,132.2667,73.4,88,74,5.57,AU,2021-04-10 18:05:44,broken clouds
264,Inuvik,68.3499,-133.7218,-14.8,64,100,3.44,CA,2021-04-10 18:05:44,overcast clouds
265,Quatre Cocos,-20.2078,57.7625,80.01,78,40,11.5,MU,2021-04-10 18:05:44,light rain
266,Mandera,3.9366,41.867,89.71,43,84,13.13,KE,2021-04-10 18:04:06,broken clouds
267,Shenjiamen,29.9576,122.298,58.86,91,100,15.52,CN,2021-04-10 18:05:45,light rain
268,Caravelas,-17.7125,-39.2481,81.73,61,26,8.21,BR,2021-04-10 18:05:45,scattered clouds
269,Tougue,11.4667,-11.6,96.8,11,30,5.48,GN,2021-04-10 18:05:13,scattered clouds
270,Vila,42.0304,-8.1588,54.0,86,100,2.59,PT,2021-04-10 18:05:45,overcast clouds
271,Narsaq,60.9167,-46.05,44.6,61,20,8.05,GL,2021-04-10 18:03:30,few clouds
272,Nanortalik,60.1432,-45.2371,37.36,89,100,8.46,GL,2021-04-10 18:05:46,overcast clouds
273,Pisco,-13.7,-76.2167,73.99,64,0,9.22,PE,2021-04-10 18:05:46,clear sky
274,Matadi,-5.8167,13.45,76.62,88,100,1.5,CD,2021-04-10 18:05:46,overcast clouds
275,Benjamin Aceval,-24.9667,-57.5667,93.2,46,40,11.5,PY,2021-04-10 18:05:47,scattered clouds
276,Vila Franca Do Campo,37.7167,-25.4333,62.6,94,75,11.5,PT,2021-04-10 18:03:02,broken clouds
277,Bambanglipuro,-7.95,110.2833,79.03,84,100,2.73,ID,2021-04-10 18:05:47,moderate rain
278,Kehychivka,49.2866,35.7615,45.48,54,62,6.82,UA,2021-04-10 18:05:47,broken clouds
279,Upernavik,72.7868,-56.1549,20.59,82,100,9.42,GL,2021-04-10 18:05:48,overcast clouds
280,Nyaunglebin,17.95,96.7333,77.4,77,18,5.28,MM,2021-04-10 18:05:48,few clouds
281,Lata,40.1629,-8.3327,62.01,88,99,2.59,PT,2021-04-10 18:04:24,overcast clouds
282,Belyy Yar,53.6039,91.3903,28.4,74,0,4.47,RU,2021-04-10 18:05:48,clear sky
283,Sal Rei,16.1833,-22.9167,75.2,69,20,19.57,CV,2021-04-10 18:05:49,few clouds
284,Silva Jardim,-22.6508,-42.3917,84.2,51,0,18.41,BR,2021-04-10 18:04:19,clear sky
285,Jalu,29.0331,21.5482,64.92,21,59,9.55,LY,2021-04-10 18:02:00,broken clouds
286,Novyy Urengoy,66.0833,76.6333,31.78,87,100,9.8,RU,2021-04-10 18:05:49,overcast clouds
287,Bay Roberts,47.5999,-53.2648,34.0,97,100,4.0,CA,2021-04-10 18:05:49,light rain
288,Port Blair,11.6667,92.75,81.95,75,41,4.83,IN,2021-04-10 18:05:50,scattered clouds
289,Esperance,-33.8667,121.9,57.2,88,78,10.36,AU,2021-04-10 18:01:03,broken clouds
290,Nacala,-14.5428,40.6728,74.1,95,96,6.33,MZ,2021-04-10 18:03:20,moderate rain
291,Santiago,-33.4569,-70.6483,73.0,55,20,4.61,CL,2021-04-10 18:02:33,few clouds
292,Karasjok,69.4719,25.5112,28.4,54,53,6.91,NO,2021-04-10 18:05:50,broken clouds
293,Arman,59.7,150.1667,6.75,77,62,10.89,RU,2021-04-10 18:05:51,broken clouds
294,Lebedinyy,58.5167,125.5167,1.99,98,100,4.12,RU,2021-04-10 18:05:51,light snow
295,Am Timan,11.0297,20.2827,93.24,7,100,1.92,TD,2021-04-10 18:05:51,overcast clouds
296,Zhanaozen,43.3,52.8,74.91,19,34,21.61,KZ,2021-04-10 18:05:52,scattered clouds
297,Port Moresby,-9.4431,147.1797,75.2,100,40,5.75,PG,2021-04-10 18:05:52,scattered clouds
298,Ambilobe,-13.2,49.05,74.61,91,78,3.49,MG,2021-04-10 18:05:52,broken clouds
299,Nuuk,64.1835,-51.7216,28.4,100,75,9.22,GL,2021-04-10 18:03:44,broken clouds
300,Marawi,7.9986,124.2928,75.99,92,100,4.0,PH,2021-04-10 18:05:53,overcast clouds
301,La Ligua,-32.4524,-71.2311,71.6,49,0,11.5,CL,2021-04-10 18:05:53,clear sky
302,Mahanoro,-19.9,48.8,75.83,85,100,1.86,MG,2021-04-10 18:05:53,light rain
303,Baranain,42.8057,-1.6773,59.0,63,40,8.05,ES,2021-04-10 18:05:54,scattered clouds
304,Gondanglegi,-7.7479,112.0132,75.38,93,79,5.61,ID,2021-04-10 18:05:54,broken clouds
305,San Ignacio,17.1561,-89.0714,93.2,49,0,6.91,BZ,2021-04-10 18:02:16,clear sky
306,Sorland,67.667,12.6934,36.66,78,86,28.16,NO,2021-04-10 18:05:54,overcast clouds
307,Vryburg,-26.9566,24.7284,74.21,27,0,6.02,ZA,2021-04-10 18:05:54,clear sky
308,Sampit,-2.5333,112.95,74.3,98,64,1.57,ID,2021-04-10 18:05:55,broken clouds
309,Haines Junction,60.7522,-137.5108,-4.0,41,82,8.05,CA,2021-04-10 18:05:55,broken clouds
310,Ferrol,43.4832,-8.2369,55.99,88,100,11.99,ES,2021-04-10 18:05:14,overcast clouds
311,Ko Samui,9.5357,99.9357,84.13,71,3,10.8,TH,2021-04-10 18:05:56,clear sky
312,Neryungri,56.6709,124.6491,-3.44,98,94,5.28,RU,2021-04-10 18:05:05,overcast clouds
313,Khatanga,71.9667,102.5,4.62,89,98,5.77,RU,2021-04-10 18:05:56,overcast clouds
314,Panguna,-6.3164,155.4848,68.52,98,100,1.52,PG,2021-04-10 18:05:56,light rain
315,Gat,31.61,34.7642,59.0,57,31,1.01,IL,2021-04-10 18:05:57,scattered clouds
316,Arcachon,44.5875,-1.0519,66.2,55,0,6.91,FR,2021-04-10 18:05:57,clear sky
317,Zhob,31.3411,69.4481,69.62,21,72,4.83,PK,2021-04-10 18:05:57,broken clouds
318,Fort Nelson,58.8053,-122.7002,10.4,67,90,11.5,CA,2021-04-10 18:05:18,snow
319,Puerto Quijarro,-17.7833,-57.7667,90.19,46,44,4.0,BO,2021-04-10 18:05:57,scattered clouds
320,Dezhou,37.4486,116.2925,55.15,48,71,8.72,CN,2021-04-10 18:05:58,light rain
321,Sfantu Gheorghe,45.8667,25.7833,44.01,49,11,0.72,RO,2021-04-10 18:05:36,few clouds
322,Tobermory,45.2501,-81.6665,53.6,76,100,5.95,CA,2021-04-10 18:05:58,overcast clouds
323,Ayan,56.45,138.1667,24.51,94,100,10.71,RU,2021-04-10 18:05:58,overcast clouds
324,Conceicao Do Araguaia,-8.2578,-49.2647,85.95,57,100,7.29,BR,2021-04-10 18:05:59,overcast clouds
325,Luderitz,-26.6481,15.1594,75.88,49,0,7.11,NA,2021-04-10 18:05:59,clear sky
326,Nipawin,53.3668,-104.0009,46.4,39,20,12.66,CA,2021-04-10 18:05:59,few clouds
327,Lesnoy,57.6198,63.0784,38.97,97,100,8.86,RU,2021-04-10 18:06:00,overcast clouds
328,Kimbe,-5.5502,150.1429,75.27,96,100,0.63,PG,2021-04-10 18:06:00,light rain
329,Zhifang,30.35,114.3167,59.0,94,0,5.28,CN,2021-04-10 18:06:00,clear sky
330,Ostersund,63.1792,14.6357,30.99,74,70,17.27,SE,2021-04-10 18:01:58,broken clouds
331,Abnub,27.2696,31.1511,66.2,39,0,19.57,EG,2021-04-10 18:06:01,clear sky
332,Mogadishu,2.0371,45.3438,83.03,74,70,13.71,SO,2021-04-10 18:06:01,broken clouds
333,Bedesa,8.9,40.7833,68.16,49,76,4.72,ET,2021-04-10 18:06:02,broken clouds
334,Portel,-1.9356,-50.8211,88.56,58,38,4.81,BR,2021-04-10 18:06:02,scattered clouds
335,Abu Samrah,35.3029,37.1841,45.14,76,67,13.27,SY,2021-04-10 18:06:03,broken clouds
336,Praia,14.9215,-23.5087,77.0,65,20,20.71,CV,2021-04-10 18:06:03,few clouds
337,Ixtapa,20.7,-105.2,80.6,69,1,9.22,MX,2021-04-10 18:01:22,clear sky
338,Sant Feliu De Guixols,41.7833,3.0333,55.4,94,90,1.14,ES,2021-04-10 18:06:03,overcast clouds
339,Bathsheba,13.2167,-59.5167,80.6,65,20,9.22,BB,2021-04-10 18:03:23,volcanic ash
340,Malanje,-9.5402,16.341,65.52,88,92,2.77,AO,2021-04-10 18:05:01,overcast clouds
341,Lavrentiya,65.5833,-171.0,-6.56,86,100,12.37,RU,2021-04-10 18:06:04,overcast clouds
342,Nome,64.5011,-165.4064,7.0,51,1,16.11,US,2021-04-10 18:06:04,clear sky
343,Bonthe,7.5264,-12.505,84.29,72,74,9.91,SL,2021-04-10 18:06:04,broken clouds
344,Borovnica,45.9158,14.3631,51.01,60,58,7.85,SI,2021-04-10 18:06:05,broken clouds
345,Crossville,35.949,-85.0269,61.0,94,90,6.91,US,2021-04-10 18:02:48,moderate rain
346,San Cristobal,7.7669,-72.225,84.2,54,75,20.71,VE,2021-04-10 18:06:05,broken clouds
347,Roald,62.5833,6.1333,37.4,81,40,10.36,NO,2021-04-10 18:06:05,scattered clouds
348,Gladstone,-23.85,151.25,69.8,78,11,6.91,AU,2021-04-10 18:06:06,light rain
349,Teguise,29.0605,-13.564,73.4,49,20,9.22,ES,2021-04-10 18:06:06,few clouds
350,Qui Nhon,13.7667,109.2333,77.11,85,16,6.38,VN,2021-04-10 18:01:16,few clouds
351,Jiancheng,30.391,104.5491,52.0,91,100,3.29,CN,2021-04-10 18:06:06,overcast clouds
352,Tarasovskiy,48.7292,40.3636,47.88,64,100,10.04,RU,2021-04-10 18:06:06,overcast clouds
353,Bandar-E Lengeh,26.5579,54.8807,82.4,28,0,6.91,IR,2021-04-10 18:06:07,clear sky
354,Leon,21.1167,-101.6667,77.0,19,1,8.81,MX,2021-04-10 18:02:15,clear sky
355,Samarai,-10.6167,150.6667,80.56,74,91,12.91,PG,2021-04-10 18:06:07,overcast clouds
356,Ratnagiri,16.9833,73.3,80.69,76,49,8.43,IN,2021-04-10 18:06:08,scattered clouds
357,Tamandare,-8.7597,-35.1047,80.38,83,86,10.49,BR,2021-04-10 18:06:08,overcast clouds
358,Passo Fundo,-28.2628,-52.4067,84.87,35,66,7.74,BR,2021-04-10 18:02:53,broken clouds
359,Kargasok,59.0556,80.8572,30.4,92,50,6.2,RU,2021-04-10 18:06:08,scattered clouds
360,Mabaruma,8.2,-59.7833,83.12,74,99,6.17,GY,2021-04-10 18:03:38,overcast clouds
361,Coihaique,-45.5752,-72.0662,53.6,58,75,4.61,CL,2021-04-10 18:06:09,broken clouds
362,Tynda,55.1667,124.7167,-2.0,94,8,4.38,RU,2021-04-10 18:06:09,clear sky
363,Methoni,36.8197,21.7049,55.4,58,40,5.75,GR,2021-04-10 18:06:09,scattered clouds
364,Udachnyy,66.4167,112.4,-17.39,100,22,5.82,RU,2021-04-10 18:06:10,few clouds
365,Dagana,16.5165,-15.5068,109.4,14,0,2.3,MR,2021-04-10 18:06:10,clear sky
366,Puerto Ayacucho,5.6639,-67.6236,77.0,86,100,3.53,VE,2021-04-10 18:06:10,overcast clouds
367,Venado Tuerto,-33.7456,-61.9688,69.01,99,100,4.0,AR,2021-04-10 18:06:10,overcast clouds
368,Wenling,28.3669,121.36,62.01,86,100,7.49,CN,2021-04-10 18:06:11,light rain
369,Morgan City,29.6994,-91.2068,73.4,78,40,3.44,US,2021-04-10 18:06:11,scattered clouds
370,Phuthaditjhaba,-28.5242,28.8158,61.34,39,2,4.5,ZA,2021-04-10 18:06:12,clear sky
371,Tonantins,-2.8731,-67.8022,86.14,70,97,0.98,BR,2021-04-10 18:06:12,overcast clouds
372,Halifax,44.6453,-63.5724,53.6,50,81,4.61,CA,2021-04-10 18:05:12,broken clouds
373,Limon,10.0,-83.0333,82.4,78,75,5.75,CR,2021-04-10 18:06:12,broken clouds
374,Molina,-35.1167,-71.2833,66.0,51,20,6.91,CL,2021-04-10 18:06:13,few clouds
375,Serang,-6.1149,106.1502,79.0,78,40,6.91,ID,2021-04-10 18:06:13,scattered clouds
376,Adrar,20.5022,-10.0711,94.37,10,0,7.63,MR,2021-04-10 18:02:36,clear sky
377,Hobyo,5.3505,48.5268,83.03,65,13,14.52,SO,2021-04-10 18:06:13,few clouds
378,Leh,34.1667,77.5833,31.6,51,85,3.89,IN,2021-04-10 18:06:14,overcast clouds
379,Poddorye,57.4695,31.1156,41.04,85,91,8.99,RU,2021-04-10 18:06:14,moderate rain
380,Leeton,-34.5667,146.4,51.8,62,40,11.5,AU,2021-04-10 18:06:14,scattered clouds
381,Avera,33.194,-82.5271,75.2,64,40,10.36,US,2021-04-10 18:06:15,scattered clouds
382,Miranda,3.2499,-76.2281,84.2,54,75,2.3,CO,2021-04-10 18:06:15,broken clouds
383,Sibolga,1.7427,98.7792,77.02,88,100,2.89,ID,2021-04-10 18:06:15,overcast clouds
384,Moose Factory,51.2585,-80.6094,57.2,82,90,9.22,CA,2021-04-10 18:06:15,overcast clouds
385,Shingu,33.7333,135.9833,47.21,84,49,6.46,JP,2021-04-10 18:05:20,scattered clouds
386,Baghdad,33.3406,44.4009,77.0,27,75,8.05,IQ,2021-04-10 18:02:29,broken clouds
387,Calatayud,41.3535,-1.6432,60.8,87,90,6.91,ES,2021-04-10 18:06:16,light rain
388,Prabumulih,-3.45,104.25,73.02,96,59,1.88,ID,2021-04-10 18:06:16,broken clouds
389,Qasigiannguit,68.8193,-51.1922,21.2,86,90,4.61,GL,2021-04-10 18:06:16,overcast clouds
390,Portland,45.5234,-122.6762,48.0,65,90,18.41,US,2021-04-10 18:04:54,overcast clouds
391,Acapulco,16.8634,-99.8901,84.2,65,1,11.5,MX,2021-04-10 18:02:55,clear sky
392,Mahon,39.8885,4.2658,59.0,88,75,5.75,ES,2021-04-10 18:06:17,broken clouds
393,Korla,41.7597,86.1469,57.54,40,2,2.64,CN,2021-04-10 18:02:31,clear sky
394,Voh,-20.9667,164.7,75.11,94,100,4.65,NC,2021-04-10 18:03:10,overcast clouds
395,Dunedin,-45.8742,170.5036,61.0,59,100,4.36,NZ,2021-04-10 18:02:57,overcast clouds
396,Huarmey,-10.0681,-78.1522,74.12,77,83,8.46,PE,2021-04-10 18:06:17,broken clouds
397,San Ramon,37.7799,-121.978,63.0,54,1,5.75,US,2021-04-10 18:06:18,clear sky
398,Gigmoto,13.7796,124.39,76.75,82,100,9.13,PH,2021-04-10 18:06:18,overcast clouds
399,Ust-Nera,64.5667,143.2,-18.74,98,97,8.19,RU,2021-04-10 18:06:19,overcast clouds
400,Carpinteria,34.3989,-119.5185,73.0,38,92,3.0,US,2021-04-10 18:06:19,overcast clouds
401,Iwanai,42.9744,140.5089,34.05,86,95,3.47,JP,2021-04-10 18:06:19,overcast clouds
402,Villazon,-22.0866,-65.5942,66.97,27,20,4.18,BO,2021-04-10 18:06:19,few clouds
403,Padang,-0.9492,100.3543,77.0,94,40,2.3,ID,2021-04-10 18:06:20,scattered clouds
404,La Rochelle,46.1667,-1.15,57.2,77,0,8.05,FR,2021-04-10 18:02:40,clear sky
405,Ilfracombe,51.2093,-4.1134,46.99,71,55,7.0,GB,2021-04-10 18:06:20,broken clouds
406,Kandrian,-6.2167,149.55,76.14,91,99,7.81,PG,2021-04-10 18:06:20,moderate rain
407,Kalmunai,7.4167,81.8167,80.13,77,48,5.01,LK,2021-04-10 18:03:30,scattered clouds
408,Joshimath,30.5667,79.5667,49.46,39,58,8.37,IN,2021-04-10 18:06:21,broken clouds
409,Teknaf,20.8624,92.3058,76.28,90,21,5.77,BD,2021-04-10 18:06:21,few clouds
410,Boende,-0.2167,20.8667,77.23,77,85,2.84,CD,2021-04-10 18:06:21,overcast clouds
411,Pionerskiy,54.9508,20.2275,41.0,52,0,4.47,RU,2021-04-10 18:06:22,clear sky
412,Gushi,34.6425,109.5843,56.52,56,100,7.09,CN,2021-04-10 18:06:22,overcast clouds
413,Maldonado,-34.6667,-54.9167,68.0,100,90,9.22,UY,2021-04-10 18:06:22,moderate rain
414,Pundaguitan,6.3711,126.1689,81.05,77,99,8.9,PH,2021-04-10 18:06:23,overcast clouds
415,Comodoro Rivadavia,-45.8667,-67.5,64.4,39,0,19.57,AR,2021-04-10 18:06:23,clear sky
416,Cabedelo,-6.9811,-34.8339,78.8,100,75,10.36,BR,2021-04-10 18:06:23,broken clouds
417,Mufumbwe,-13.6833,24.8,64.49,70,13,3.69,ZM,2021-04-10 18:06:24,few clouds
418,Geraldton,-28.7667,114.6,77.0,47,90,20.71,AU,2021-04-10 18:04:00,overcast clouds
419,Conde,-7.2597,-34.9075,78.8,100,75,10.36,BR,2021-04-10 18:06:24,broken clouds
420,Cururupu,-1.8283,-44.8683,85.39,61,23,7.67,BR,2021-04-10 18:06:24,few clouds
421,Seybaplaya,19.65,-90.6667,100.4,37,40,9.22,MX,2021-04-10 18:06:25,scattered clouds
422,Manaus,-3.1019,-60.025,87.8,66,40,4.61,BR,2021-04-10 18:05:24,scattered clouds
423,Tshela,-4.9833,12.9333,73.92,91,100,2.13,CD,2021-04-10 18:06:25,overcast clouds
424,Mount Darwin,-16.7725,31.5838,65.48,55,1,3.29,ZW,2021-04-10 18:06:25,clear sky
425,Pyaozerskiy,65.8333,31.1667,30.69,83,52,8.95,RU,2021-04-10 18:06:26,broken clouds
426,Hargeysa,9.56,44.065,71.1,65,30,4.81,SO,2021-04-10 18:06:26,scattered clouds
427,Ambanja,-13.6833,48.45,75.9,90,86,3.31,MG,2021-04-10 18:06:26,light rain
428,Ambositra,-20.5167,47.25,60.19,98,99,2.48,MG,2021-04-10 18:06:27,overcast clouds
429,Port Keats,-14.25,129.55,79.72,82,20,2.55,AU,2021-04-10 18:06:27,few clouds
430,Ucluelet,48.9329,-125.5528,44.01,70,20,11.5,CA,2021-04-10 18:06:27,few clouds
431,Baykit,61.67,96.37,8.47,97,19,1.25,RU,2021-04-10 18:06:27,few clouds
432,Tamiahua,21.2667,-97.45,93.9,46,0,15.79,MX,2021-04-10 18:04:29,clear sky
433,Nitra,48.3076,18.0845,59.0,38,0,8.05,SK,2021-04-10 18:06:28,clear sky
434,Troitskoye,52.9821,84.6757,30.52,88,27,10.22,RU,2021-04-10 18:04:16,scattered clouds
435,Tommot,58.9564,126.2925,4.35,96,100,5.68,RU,2021-04-10 18:06:28,overcast clouds
436,Catia La Mar,10.6038,-67.0303,84.2,70,75,4.61,VE,2021-04-10 18:06:28,light rain
437,Boyolangu,-8.1181,111.8935,75.9,91,68,0.76,ID,2021-04-10 18:06:29,broken clouds
438,Goderich,43.7501,-81.7165,64.4,59,98,5.75,CA,2021-04-10 18:06:29,overcast clouds
439,Huilong,31.8111,121.655,59.0,92,100,3.0,CN,2021-04-10 18:06:29,light rain
440,Ust-Tsilma,65.441,52.1498,39.42,75,100,14.36,RU,2021-04-10 18:06:30,overcast clouds
441,Alice Springs,-23.7,133.8833,61.0,67,0,5.75,AU,2021-04-10 18:06:30,clear sky
442,Bodden Town,19.2833,-81.25,87.8,66,75,14.97,KY,2021-04-10 18:06:30,broken clouds
443,Campo Gobierno,24.6536,-107.5411,87.01,44,20,8.05,MX,2021-04-10 18:06:30,few clouds
444,Tadine,-21.55,167.8833,77.99,91,100,24.9,NC,2021-04-10 18:06:31,light rain
445,Bindura,-17.3019,31.3306,66.0,58,4,3.0,ZW,2021-04-10 18:06:31,clear sky
446,Waipawa,-41.4122,175.5153,64.4,88,75,21.85,NZ,2021-04-10 18:06:32,broken clouds
447,Port Macquarie,-31.4333,152.9167,57.0,96,9,1.01,AU,2021-04-10 18:06:32,clear sky
448,Ahipara,-35.1667,173.1667,62.96,94,23,0.74,NZ,2021-04-10 18:06:32,few clouds
449,Kieta,-6.2167,155.6333,77.27,89,100,2.48,PG,2021-04-10 18:04:46,light rain
450,Pascagoula,30.3658,-88.5561,69.8,78,1,5.75,US,2021-04-10 18:06:33,clear sky
451,Yining,29.0361,114.5636,56.3,96,100,1.86,CN,2021-04-10 18:06:33,overcast clouds
452,Simao,22.7886,100.9748,63.18,61,4,2.48,CN,2021-04-10 18:06:33,clear sky
453,Moerai,-22.4333,-151.3333,78.22,74,100,11.9,PF,2021-04-10 18:06:33,overcast clouds
454,Sinnamary,5.3833,-52.95,82.29,72,55,6.51,GF,2021-04-10 18:06:34,light rain
455,Tuatapere,-46.1333,167.6833,57.0,93,96,3.0,NZ,2021-04-10 18:06:34,overcast clouds
456,Dedza,-14.3779,34.3332,54.93,88,95,2.17,MW,2021-04-10 18:06:34,overcast clouds
457,Pevek,69.7008,170.3133,-26.01,98,80,2.68,RU,2021-04-10 18:02:41,broken clouds
458,Wexford,52.3342,-6.4575,46.4,46,40,2.3,IE,2021-04-10 18:06:35,scattered clouds
459,Vostochnyy,55.8167,37.8667,46.4,36,0,6.71,RU,2021-04-10 18:06:35,clear sky
460,Kyra,49.5776,111.9753,30.92,57,81,7.65,RU,2021-04-10 18:06:35,broken clouds
461,Kolpashevo,58.3131,82.9089,28.56,94,33,2.84,RU,2021-04-10 18:06:36,scattered clouds
462,Santo Tomas,14.1079,121.1414,80.6,74,20,3.44,PH,2021-04-10 18:06:36,few clouds
463,Lima,-12.0432,-77.0282,75.99,73,0,8.05,PE,2021-04-10 18:04:29,clear sky
464,Kaeo,-35.1,173.7833,63.0,98,51,2.57,NZ,2021-04-10 18:06:36,broken clouds
465,Takoradi,4.8845,-1.7554,83.41,76,99,13.4,GH,2021-04-10 18:02:49,overcast clouds
466,Gemena,3.25,19.7667,77.56,71,74,2.42,CD,2021-04-10 18:06:37,broken clouds
467,Banyo,6.75,11.8167,81.32,37,94,3.67,CM,2021-04-10 18:06:37,overcast clouds
468,Tarancon,40.0085,-3.0073,64.0,47,94,21.0,ES,2021-04-10 18:06:37,overcast clouds
469,Waingapu,-9.6567,120.2641,76.42,81,2,4.81,ID,2021-04-10 18:06:38,clear sky
470,Ambagarh Chauki,20.7833,80.7167,85.8,30,98,7.49,IN,2021-04-10 18:06:38,overcast clouds
471,Usinsk,65.9939,57.5281,35.1,77,73,24.34,RU,2021-04-10 18:06:38,broken clouds
472,Shuyskoye,59.3736,41.0305,38.7,75,72,12.48,RU,2021-04-10 18:06:39,broken clouds
473,Marzuq,14.4,46.4667,68.77,47,2,7.74,YE,2021-04-10 18:02:55,clear sky
474,Hue,16.4667,107.6,78.8,83,75,2.3,VN,2021-04-10 18:06:39,broken clouds
475,Benghazi,32.1167,20.0667,59.92,52,40,22.08,LY,2021-04-10 18:04:05,scattered clouds
476,Ochakiv,46.6128,31.5498,42.8,45,0,4.47,UA,2021-04-10 18:06:39,clear sky
477,Khorol,49.7837,33.2783,45.03,43,2,2.48,UA,2021-04-10 18:06:40,clear sky
478,Zelenoborsk,61.4669,64.0333,31.33,96,83,4.25,RU,2021-04-10 18:06:40,broken clouds
479,Mineiros,-17.5694,-52.5511,82.71,46,0,5.95,BR,2021-04-10 18:02:46,clear sky
480,Kitob,39.0843,66.8332,64.4,39,17,9.22,UZ,2021-04-10 18:06:40,few clouds
481,Inhambane,-23.865,35.3833,77.0,78,20,6.98,MZ,2021-04-10 18:06:41,few clouds
482,Huejuquilla El Alto,22.6,-103.8667,79.25,10,20,5.35,MX,2021-04-10 18:06:41,few clouds
483,Charters Towers,-20.1,146.2667,71.35,64,67,6.67,AU,2021-04-10 18:03:29,broken clouds
484,Chara,56.9064,118.2631,-0.6,81,78,3.15,RU,2021-04-10 18:06:42,broken clouds
485,Bolitoc,15.7395,119.8769,78.51,77,27,3.0,PH,2021-04-10 18:06:42,scattered clouds
486,Kryry,50.1744,13.4266,51.01,60,100,1.99,CZ,2021-04-10 18:06:42,overcast clouds
487,Salalah,17.0151,54.0924,82.4,74,0,6.91,OM,2021-04-10 18:03:38,clear sky
488,Moron,-34.6534,-58.6198,70.0,98,100,5.01,AR,2021-04-10 18:03:21,light rain
489,Buchanan,5.8808,-10.0467,84.2,79,75,4.61,LR,2021-04-10 18:06:43,broken clouds
490,Golkoy,40.6875,37.6178,44.6,87,75,6.91,TR,2021-04-10 18:06:43,broken clouds
491,Corsicana,32.0954,-96.4689,70.0,32,1,14.97,US,2021-04-10 18:06:44,clear sky
492,Bam,29.106,58.357,78.51,12,37,10.49,IR,2021-04-10 18:06:44,scattered clouds
493,Ilulissat,69.2167,-51.1,21.2,86,90,4.61,GL,2021-04-10 18:04:52,overcast clouds
494,Cidreira,-30.1811,-50.2056,80.26,61,91,9.28,BR,2021-04-10 18:06:44,overcast clouds
495,Goias,-15.5807,-49.6362,81.43,57,0,5.21,BR,2021-04-10 18:06:45,clear sky
496,Umtata,-31.5889,28.7844,69.8,83,0,8.05,ZA,2021-04-10 18:06:45,clear sky
497,Cubuk,40.2386,33.0322,34.0,60,75,11.5,TR,2021-04-10 18:06:45,broken clouds
498,Batagay-Alyta,67.8006,130.4114,-20.6,87,66,6.82,RU,2021-04-10 18:06:45,broken clouds
499,Laguna,38.421,-121.4238,64.0,55,1,5.75,US,2021-04-10 18:06:19,clear sky
500,Manturovo,58.3353,44.7619,30.42,94,6,4.76,RU,2021-04-10 18:06:46,clear sky
501,Khuzdar,27.7384,66.6434,73.45,18,90,2.82,PK,2021-04-10 18:06:46,overcast clouds
502,Vaitape,-16.5167,-151.75,81.88,75,98,10.51,PF,2021-04-10 18:06:46,overcast clouds
503,Kangasala,61.4638,24.076,36.0,60,0,8.05,FI,2021-04-10 18:06:47,clear sky
504,Tambura,5.6,27.4667,74.26,73,100,10.25,SS,2021-04-10 18:06:47,overcast clouds
505,Nizwa,22.9333,57.5333,81.32,24,17,7.7,OM,2021-04-10 18:06:47,few clouds
506,Paita,-5.0892,-81.1144,84.2,58,0,10.36,PE,2021-04-10 18:06:47,clear sky
507,Yumen,40.2833,97.2,52.02,39,63,10.49,CN,2021-04-10 18:06:48,broken clouds
508,Surgut,61.25,73.4167,37.4,100,40,4.29,RU,2021-04-10 18:06:43,light rain
509,Tazovskiy,67.4667,78.7,23.41,95,81,6.62,RU,2021-04-10 18:03:16,broken clouds
510,Wajima,37.4,136.9,44.55,67,1,9.15,JP,2021-04-10 18:06:48,clear sky
511,Mazamari,-11.3258,-74.5308,85.39,60,99,3.8,PE,2021-04-10 18:06:50,overcast clouds
512,Kondinskoye,59.6481,67.41,36.46,99,100,6.51,RU,2021-04-10 18:06:50,overcast clouds
513,Esil,51.9556,66.4042,30.54,93,71,7.63,KZ,2021-04-10 18:06:50,broken clouds
514,Ulaanbaatar,47.9077,106.8832,32.0,86,40,11.18,MN,2021-04-10 18:06:50,snow
515,Yeppoon,-23.1333,150.7333,68.0,88,90,5.12,AU,2021-04-10 18:06:51,overcast clouds
516,Whitianga,-36.8333,175.7,68.0,99,84,4.0,NZ,2021-04-10 18:06:52,broken clouds
517,Tiksi,71.6872,128.8694,-18.33,99,69,5.39,RU,2021-04-10 18:06:52,broken clouds
518,Fethiye,36.6217,29.1164,55.4,24,0,20.71,TR,2021-04-10 18:06:36,clear sky
519,Meulaboh,4.1363,96.1285,78.01,86,93,2.37,ID,2021-04-10 18:01:55,overcast clouds
520,Saint-Leu,-21.15,55.2833,80.6,65,90,3.44,RE,2021-04-10 18:06:52,light rain
521,Kemijarvi,66.7131,27.4306,29.62,94,100,11.65,FI,2021-04-10 18:06:53,light snow
522,Livramento,-3.0254,-60.1803,87.8,84,40,4.61,BR,2021-04-10 18:06:53,light rain
523,Agadez,19.75,10.25,88.86,4,0,8.68,NE,2021-04-10 18:06:53,clear sky
524,Noumea,-22.2763,166.4572,78.01,88,90,10.36,NC,2021-04-10 18:06:54,light rain
525,Anchorage,61.2181,-149.9003,7.0,43,75,4.61,US,2021-04-10 18:05:47,broken clouds
526,Huanren,41.2647,125.3667,42.73,56,86,5.35,CN,2021-04-10 18:06:54,overcast clouds
527,Cherepovets,59.1333,37.9,44.6,45,0,4.47,RU,2021-04-10 18:04:24,clear sky
528,Pullman,46.7313,-117.1796,34.0,93,90,12.66,US,2021-04-10 18:06:54,heavy snow
529,Khvorostyanka,52.6096,48.9597,49.82,89,100,9.19,RU,2021-04-10 18:06:55,overcast clouds
530,Nelson Bay,-32.7167,152.15,59.0,82,1,10.36,AU,2021-04-10 18:06:55,clear sky
531,Jieshi,22.8134,115.8257,70.0,70,23,18.63,CN,2021-04-10 18:06:55,few clouds
532,Wahiawa,21.5028,-158.0236,73.0,72,20,3.44,US,2021-04-10 18:06:55,few clouds
533,Coos Bay,43.3665,-124.2179,48.0,81,90,14.97,US,2021-04-10 18:02:02,overcast clouds
534,Aykhal,66.0,111.5,-10.07,100,88,7.43,RU,2021-04-10 18:03:43,overcast clouds
535,Aktash,50.3,87.7333,12.0,94,40,0.81,RU,2021-04-10 18:06:56,scattered clouds
536,Kharp,66.8014,65.8081,29.8,96,91,7.34,RU,2021-04-10 18:06:56,overcast clouds
537,Egvekinot,66.3167,-179.1667,-5.1,83,100,12.41,RU,2021-04-10 18:06:57,overcast clouds
538,Kamalia,30.7333,72.65,77.58,14,2,1.59,PK,2021-04-10 18:06:57,clear sky
539,Santa Isabel,-23.3156,-46.2214,82.4,36,0,5.75,BR,2021-04-10 18:06:57,clear sky
540,Dharchula,29.85,80.5333,59.09,22,46,8.93,IN,2021-04-10 18:06:57,scattered clouds
541,San Antero,9.3741,-75.7589,83.73,61,99,2.95,CO,2021-04-10 18:06:58,overcast clouds
542,Torit,4.4133,32.5678,77.97,61,100,2.86,SS,2021-04-10 18:06:58,overcast clouds
543,Aklavik,68.2191,-135.0107,-14.8,70,40,9.22,CA,2021-04-10 18:06:58,scattered clouds
544,Canala,-21.5333,165.95,77.0,88,90,10.36,NC,2021-04-10 18:06:59,overcast clouds
545,Viedma,-40.8135,-62.9967,67.69,40,100,3.29,AR,2021-04-10 18:06:59,overcast clouds
546,Skjervoy,70.0311,20.9714,34.5,60,47,21.39,NO,2021-04-10 18:06:59,light snow
547,Midland,31.9974,-102.0779,69.01,19,1,5.75,US,2021-04-10 18:05:11,clear sky
548,Innisfail,-17.5333,146.0333,74.71,85,65,3.58,AU,2021-04-10 18:07:00,broken clouds
549,Shihezi,44.3,86.0333,54.41,39,48,7.63,CN,2021-04-10 18:02:30,scattered clouds
550,Port Hardy,50.6996,-127.4199,41.0,75,20,5.75,CA,2021-04-10 18:07:00,light rain
551,Riyadh,24.6877,46.7219,95.0,9,40,6.91,SA,2021-04-10 18:03:44,scattered clouds
552,Palm Springs,33.8303,-116.5453,89.01,14,1,5.75,US,2021-04-10 18:07:00,clear sky
553,Beringovskiy,63.05,179.3167,5.52,93,100,19.82,RU,2021-04-10 18:04:20,light snow
554,Verkhnyaya Inta,65.9811,60.3094,36.32,65,54,18.03,RU,2021-04-10 18:07:01,broken clouds
555,Kamenka,51.3223,42.7678,42.01,85,93,11.61,RU,2021-04-10 18:07:01,overcast clouds
556,Dzhebariki-Khaya,62.2167,135.8,20.16,96,100,7.11,RU,2021-04-10 18:07:01,light snow
557,Nabire,-3.3667,135.4833,74.84,95,100,5.48,ID,2021-04-10 18:07:02,light rain
558,Tessalit,20.1986,1.0114,94.84,8,1,9.78,ML,2021-04-10 18:04:53,clear sky
559,Varhaug,58.6147,5.6457,41.0,74,13,1.01,NO,2021-04-10 18:07:02,few clouds
560,Orlik,52.5178,99.825,18.97,83,95,6.02,RU,2021-04-10 18:07:02,overcast clouds
561,Charlestown,-32.95,151.6667,60.01,62,1,1.01,AU,2021-04-10 18:03:11,clear sky
562,Mankachar,25.5333,89.8667,79.23,61,0,12.53,IN,2021-04-10 18:07:03,clear sky
563,Tsiroanomandidy,-18.7667,46.0333,67.78,88,98,2.37,MG,2021-04-10 18:07:03,light rain
564,Pingliang,35.5392,106.6861,45.07,94,100,0.63,CN,2021-04-10 18:07:03,light rain
565,Beira,-19.8436,34.8389,78.8,78,20,9.95,MZ,2021-04-10 18:06:25,few clouds
566,Molochnoye,59.2917,39.6787,38.39,77,85,16.15,RU,2021-04-10 18:07:04,overcast clouds
567,Fairbanks,64.8378,-147.7164,-0.99,64,1,6.91,US,2021-04-10 18:03:33,clear sky
568,Baculin,7.4525,126.5842,76.96,88,85,6.78,PH,2021-04-10 18:07:04,overcast clouds
569,Luanda,-8.8368,13.2343,86.0,74,40,6.91,AO,2021-04-10 18:04:53,scattered clouds
570,Langham,52.3668,-106.9679,51.01,42,20,12.66,CA,2021-04-10 18:07:04,few clouds
571,Kamien Pomorski,53.9685,14.7726,45.0,56,0,5.75,PL,2021-04-10 18:07:05,clear sky
572,Vanimo,-2.6741,141.3028,77.25,89,100,7.58,PG,2021-04-10 18:04:23,overcast clouds
573,San Jose,37.3394,-121.895,63.0,54,75,2.59,US,2021-04-10 18:06:03,broken clouds
574,Sterling,39.0062,-77.4286,66.0,77,90,8.05,US,2021-04-10 18:03:14,overcast clouds
575,Krivodanovka,55.0881,82.6551,33.8,64,0,4.47,RU,2021-04-10 18:07:05,clear sky
576,Gamba,-2.65,10.0,76.82,86,100,4.7,GA,2021-04-10 18:07:06,overcast clouds
577,Tomatlan,19.9333,-105.25,89.73,29,8,9.62,MX,2021-04-10 18:07:06,clear sky
578,Strezhevoy,60.7333,77.5889,42.8,45,0,6.71,RU,2021-04-10 18:07:06,clear sky
579,Belmonte,-15.8631,-38.8828,84.2,70,40,12.66,BR,2021-04-10 18:07:06,scattered clouds
580,Krasnoselkup,65.7,82.4667,33.22,97,100,14.0,RU,2021-04-10 18:07:07,overcast clouds
581,Talas,38.6908,35.5538,32.0,100,90,1.14,TR,2021-04-10 18:07:07,snow
582,Pontes E Lacerda,-15.2261,-59.3353,85.87,62,46,4.59,BR,2021-04-10 18:03:29,scattered clouds
583,Tabou,4.423,-7.3528,82.2,79,100,12.08,CI,2021-04-10 18:07:07,overcast clouds
584,Mackay,-21.15,149.2,71.6,100,13,4.61,AU,2021-04-10 18:07:08,few clouds
585,Blagoyevo,63.3667,47.9167,38.55,80,100,13.38,RU,2021-04-10 18:07:08,overcast clouds
586,Ulladulla,-35.35,150.4667,57.99,62,1,12.66,AU,2021-04-10 18:07:08,clear sky
587,Natal,-5.795,-35.2094,86.0,70,40,16.11,BR,2021-04-10 18:07:10,scattered clouds
588,Broome,42.2506,-75.833,73.0,59,1,5.75,US,2021-04-10 18:07:10,clear sky
589,Kabare,-2.4683,28.8242,62.56,96,96,1.79,CD,2021-04-10 18:02:43,light rain
590,Derzhavinsk,51.1,66.3167,33.8,88,39,12.66,KZ,2021-04-10 18:05:42,scattered clouds
591,Ikornnes,62.3873,6.557,34.0,93,100,3.0,NO,2021-04-10 18:07:10,snow
592,Nautla,20.2167,-96.7833,90.09,45,0,10.69,MX,2021-04-10 18:07:11,clear sky
593,Cap Malheureux,-19.9842,57.6142,80.01,75,99,5.01,MU,2021-04-10 18:07:11,overcast clouds
594,Guerrero Negro,27.9769,-114.0611,66.29,61,78,14.32,MX,2021-04-10 18:02:59,broken clouds
595,Garissa,-0.4536,39.6401,87.3,52,100,13.49,KE,2021-04-10 18:07:12,overcast clouds
596,Miraflores,19.2167,-98.8083,78.8,17,20,4.61,MX,2021-04-10 18:03:13,few clouds
597,Kanigoro,-8.13,112.219,73.54,95,49,2.86,ID,2021-04-10 18:07:12,scattered clouds
598,Amarpur,25.0333,86.9,85.46,11,0,1.68,IN,2021-04-10 18:07:12,clear sky
599,Pala,9.3642,14.9046,94.96,18,75,4.07,TD,2021-04-10 18:07:13,broken clouds
600,Dwarka,22.2394,68.9678,80.4,68,0,14.92,IN,2021-04-10 18:07:13,clear sky
601,Zhangye,38.9342,100.4517,51.48,36,93,2.19,CN,2021-04-10 18:07:13,overcast clouds
602,Chabahar,25.2919,60.643,78.01,77,0,3.33,IR,2021-04-10 18:07:13,clear sky
603,Taraza,7.5836,-75.4007,89.87,57,86,4.83,CO,2021-04-10 18:07:14,overcast clouds
604,Maniitsoq,65.4167,-52.9,31.42,93,99,4.65,GL,2021-04-10 18:07:14,overcast clouds
605,Nebolchi,59.1239,33.3454,35.46,95,99,5.7,RU,2021-04-10 18:07:14,moderate rain
606,Paamiut,61.994,-49.6678,34.41,88,38,8.97,GL,2021-04-10 18:07:14,scattered clouds
607,Jinchang,38.4953,102.1739,53.26,30,100,5.93,CN,2021-04-10 18:07:15,overcast clouds
608,Walvis Bay,-22.9575,14.5053,75.99,60,0,3.0,NA,2021-04-10 18:03:19,clear sky
609,Lokosovo,61.1333,74.8167,36.18,99,100,6.53,RU,2021-04-10 18:07:15,light rain
610,Kangaatsiaq,68.3065,-53.4641,22.3,77,100,2.21,GL,2021-04-10 18:06:11,overcast clouds
611,Sola,-13.8833,167.55,79.29,76,100,3.71,VU,2021-04-10 18:03:42,overcast clouds
612,Yar-Sale,66.8333,70.8333,25.74,95,61,10.89,RU,2021-04-10 18:07:16,broken clouds
613,Sorong,-0.8833,131.25,78.67,84,100,1.41,ID,2021-04-10 18:04:35,overcast clouds
614,Homer,59.6425,-151.5483,18.0,53,90,9.22,US,2021-04-10 18:02:39,overcast clouds
615,Weligama,5.9667,80.4167,78.57,80,16,0.51,LK,2021-04-10 18:07:16,few clouds
616,Mora,11.0461,14.1401,95.99,14,96,7.7,CM,2021-04-10 18:07:17,overcast clouds
617,Knysna,-34.0363,23.0471,59.0,94,0,4.61,ZA,2021-04-10 18:07:17,clear sky
618,Okhotsk,59.3833,143.3,22.51,93,100,8.46,RU,2021-04-10 18:07:17,light snow
619,Farmington,36.7281,-108.2187,61.0,11,1,3.44,US,2021-04-10 18:04:48,clear sky
620,Kinnelon,41.0018,-74.3671,69.01,56,40,4.61,US,2021-04-10 18:07:17,scattered clouds
621,Baoning,25.3378,110.026,57.2,100,75,1.86,CN,2021-04-10 18:07:18,light rain
622,Krasnoturansk,54.3186,91.5639,28.4,74,0,4.47,RU,2021-04-10 18:07:18,clear sky
623,Alofi,-19.0595,-169.9187,73.4,94,27,5.75,NU,2021-04-10 18:07:18,scattered clouds
624,Edinburg,55.9521,-3.1965,41.0,65,0,2.3,GB,2021-04-10 18:05:15,clear sky
625,Sur,22.5667,59.5289,81.59,64,0,12.12,OM,2021-04-10 18:02:45,clear sky
626,Evensk,61.95,159.2333,5.85,75,100,9.71,RU,2021-04-10 18:03:10,overcast clouds
627,Ercis,39.0287,43.3586,55.4,44,75,12.66,TR,2021-04-10 18:07:19,broken clouds
628,Omaha,41.2586,-95.9378,55.4,62,90,18.41,US,2021-04-10 18:02:56,overcast clouds
629,Itoman,26.1247,127.6694,71.6,73,20,13.8,JP,2021-04-10 18:07:19,few clouds
630,Portoferraio,42.8115,10.3146,55.0,81,90,17.27,IT,2021-04-10 18:07:20,light rain
631,Kijang,35.2442,129.2139,44.6,76,0,3.44,KR,2021-04-10 18:07:20,clear sky
632,Sitamau,24.0167,75.35,87.01,10,25,4.38,IN,2021-04-10 18:07:20,scattered clouds
633,Tyukalinsk,55.8732,72.1967,31.44,90,98,6.04,RU,2021-04-10 18:07:21,overcast clouds
634,Dhidhdhoo,6.8833,73.1,83.59,65,27,3.6,MV,2021-04-10 18:07:21,scattered clouds
635,Dunmore East,52.1514,-6.9861,46.4,46,40,2.3,IE,2021-04-10 18:07:21,scattered clouds
636,Sol-Iletsk,51.1631,54.9918,46.42,80,26,18.32,RU,2021-04-10 18:07:21,scattered clouds
637,Nioro,13.35,-15.75,103.87,10,3,5.41,GM,2021-04-10 18:07:22,clear sky
638,Anadyr,64.75,177.4833,3.2,72,0,4.47,RU,2021-04-10 18:07:22,clear sky
639,Rancho Palos Verdes,33.7445,-118.387,66.0,63,20,9.22,US,2021-04-10 18:07:22,few clouds
640,Chimbote,-9.0853,-78.5783,74.03,75,86,8.5,PE,2021-04-10 18:07:23,overcast clouds
641,Minab,27.1467,57.0801,77.0,61,2,9.22,IR,2021-04-10 18:07:23,clear sky
642,Tortoli,39.9256,9.6572,59.0,94,90,14.97,IT,2021-04-10 18:07:23,overcast clouds
643,Santo Antonio Do Ica,-3.1022,-67.9397,88.11,60,98,1.34,BR,2021-04-10 18:07:23,overcast clouds
644,Puerto Escondido,15.85,-97.0667,86.74,52,0,11.07,MX,2021-04-10 18:07:24,clear sky
645,Bilma,18.6853,12.9164,92.12,5,54,10.45,NE,2021-04-10 18:07:24,broken clouds
646,Yangcun,39.3639,117.0603,62.01,76,73,2.24,CN,2021-04-10 18:07:24,light rain
647,Roma,43.2128,-75.4557,75.99,40,1,5.75,US,2021-04-10 18:03:34,clear sky
648,Mosquera,4.7059,-74.2302,66.2,52,75,5.75,CO,2021-04-10 18:07:25,broken clouds
649,Ponta Delgada,37.7333,-25.6667,62.6,94,75,11.5,PT,2021-04-10 18:03:12,broken clouds
650,Matay,28.419,30.7792,60.03,28,0,18.05,EG,2021-04-10 18:07:25,clear sky
651,The Valley,18.217,-63.0578,84.2,47,20,9.22,AI,2021-04-10 18:07:25,few clouds
652,Martapura,-3.4167,114.85,77.0,94,90,1.14,ID,2021-04-10 18:07:26,overcast clouds
653,Puerto Leguizamo,-0.1934,-74.7819,93.18,45,43,1.92,CO,2021-04-10 18:07:26,scattered clouds
654,Leua,48.2156,18.6071,52.0,54,76,4.0,SK,2021-04-10 18:07:26,broken clouds
655,Kapiri Mposhi,-13.9652,28.6809,62.01,72,53,6.15,ZM,2021-04-10 18:07:27,broken clouds
656,Lagoa,39.05,-27.9833,59.68,93,100,23.29,PT,2021-04-10 18:07:27,overcast clouds
657,Taltal,-25.4,-70.4833,68.31,71,95,6.08,CL,2021-04-10 18:07:27,overcast clouds
658,Verkhoyansk,67.5447,133.385,-27.69,99,58,3.33,RU,2021-04-10 18:07:28,broken clouds
659,Suhbaatar,50.2314,106.2078,30.99,46,100,14.12,MN,2021-04-10 18:07:28,overcast clouds
660,Mecca,21.4267,39.8261,78.31,44,1,9.44,SA,2021-04-10 18:07:28,clear sky
661,Uyuni,-20.4597,-66.825,63.39,16,12,12.75,BO,2021-04-10 18:07:28,few clouds
662,Huoqiu,32.3394,116.2694,52.86,79,95,7.83,CN,2021-04-10 18:07:29,light rain
663,Orel-Izumrud,43.4583,39.9244,46.4,93,90,2.24,RU,2021-04-10 18:07:29,light rain
664,Bubaque,11.2833,-15.8333,77.63,71,7,13.18,GW,2021-04-10 18:07:29,clear sky
665,Scarborough,54.2797,-0.4044,39.0,74,61,1.01,GB,2021-04-10 18:06:07,broken clouds
666,Kulykiv,50.3142,24.8176,46.87,68,14,7.27,UA,2021-04-10 18:07:30,few clouds
667,San Gabriel,34.0961,-118.1058,73.0,52,1,6.69,US,2021-04-10 18:07:30,clear sky
668,Sabang,5.8933,95.3214,83.86,70,70,8.23,ID,2021-04-10 18:07:30,broken clouds
669,Pecos,31.4229,-103.4932,62.6,16,1,8.05,US,2021-04-10 18:03:58,clear sky
670,Omboue,-1.5746,9.2618,78.4,83,100,4.76,GA,2021-04-10 18:07:31,overcast clouds
671,Narrabri,-30.3167,149.7833,53.01,76,12,5.75,AU,2021-04-10 18:03:52,few clouds
672,Masuguru,-11.3667,38.4167,72.46,94,100,2.82,TZ,2021-04-10 18:07:32,light rain
673,Nakusp,50.2499,-117.8023,39.2,81,89,3.44,CA,2021-04-10 18:07:32,overcast clouds
674,Idil,37.3411,41.8895,54.54,54,76,4.09,TR,2021-04-10 18:07:33,broken clouds
675,Dawlatabad,36.4141,64.9053,68.59,29,82,4.99,AF,2021-04-10 18:07:33,broken clouds
676,Ust-Omchug,61.15,149.6333,-12.08,99,87,4.7,RU,2021-04-10 18:07:33,overcast clouds
677,Tripoli,32.8752,13.1875,65.12,59,100,24.9,LY,2021-04-10 18:07:32,overcast clouds
678,Sheridan,44.8333,-106.9173,64.99,17,1,9.22,US,2021-04-10 18:07:34,clear sky
679,Sioux Lookout,50.1001,-91.917,41.0,87,75,9.22,CA,2021-04-10 18:03:00,mist
680,Tiznit,29.5833,-9.5,60.46,70,5,12.95,MA,2021-04-10 18:07:34,clear sky
681,Bitung,1.4451,125.1824,73.4,94,40,2.3,ID,2021-04-10 18:05:19,scattered clouds
682,Elko,41.0002,-115.5012,63.0,18,1,11.99,US,2021-04-10 18:07:34,clear sky
683,Svetlogorsk,52.6333,29.7333,44.44,62,34,9.26,BY,2021-04-10 18:04:48,scattered clouds
684,Rawson,-43.3002,-65.1023,68.83,37,3,17.4,AR,2021-04-10 18:07:35,clear sky
685,Brae,60.3964,-1.353,35.6,75,95,8.05,GB,2021-04-10 18:07:35,overcast clouds
686,Mangrol,21.1167,70.1167,79.84,68,0,13.22,IN,2021-04-10 18:07:35,clear sky
687,Buala,-8.145,159.5921,78.85,82,99,4.47,SB,2021-04-10 18:07:35,light rain
688,Pangnirtung,66.1451,-65.7125,15.8,86,90,1.68,CA,2021-04-10 18:07:36,overcast clouds
689,Taman,45.2117,36.7161,44.6,70,100,6.71,RU,2021-04-10 18:07:36,overcast clouds
690,Zenica,44.2014,17.9064,55.4,35,0,4.61,BA,2021-04-10 18:07:36,clear sky
691,Mizdah,31.4451,12.9801,63.88,34,78,15.79,LY,2021-04-10 18:07:37,broken clouds
692,Inta,66.0317,60.1659,36.97,67,55,21.41,RU,2021-04-10 18:07:37,broken clouds
693,Rio Gallegos,-51.6226,-69.2181,66.2,34,40,11.5,AR,2021-04-10 18:07:37,scattered clouds
694,Dakar,14.6937,-17.4441,73.4,73,0,16.11,SN,2021-04-10 18:06:14,clear sky
695,Tagab,34.855,69.6492,51.8,66,20,8.05,AF,2021-04-10 18:07:38,few clouds
696,Vardo,70.3705,31.1107,32.68,63,99,7.9,NO,2021-04-10 18:03:18,overcast clouds
